"# Proc","NSIM","KPAR","NPAR","# SCF Steps","t_SCF,Ave [s]","t_Elapsed [s]","Final E_0 [eV]"
"4","1","1","4","55","27.1626690909","1571.528","-35041.921"
"4","2","1","4","33","18.0788484848","665.841","-1037.6272"
"4","4","1","4","33","16.6668969697","616.685","-1037.6272"
"4","8","1","4","33","16.0251606061","593.432","-1037.6272"
"4","12","1","4","33","15.9202787879","589.487","-1037.6272"
"4","16","1","4","33","15.8513575758","586.924","-1037.6272"
"4","24","1","4","33","15.8819060606","587.987","-1037.6272"
"4","32","1","4","33","15.9158969697","589.196","-1037.6272"
"8","1","1","8","55","19.7732636364","1146.348","-35041.921"
"8","2","1","8","33","14.5415606061","533.239","-1037.6272"
"8","4","1","8","33","13.5177424242","496.634","-1037.6272"
"8","8","1","8","33","13.1311333333","482.809","-1037.6272"
"8","12","1","8","33","13.0125848485","479.0","-1037.6272"
"8","16","1","8","33","13.0679121212","480.396","-1037.6272"
"12","1","1","12","55","15.0931181818","878.858","-35041.921"
"12","2","1","12","33","12.0452090909","442.627","-1037.6272"
"12","4","1","12","33","11.3689454545","418.619","-1037.6272"
"12","8","1","12","33","11.2018818182","412.6","-1037.6272"

"Data: # SCF Steps"

"","NSIM"
"# Proc","1","2","4","8","12","16","24","32","48","64"
"4","55","33","33","33","33","33","33","33","-","-"
"8","55","33","33","33","33","33","-","-","-","-"
"12","55","33","33","33","-","-","-","-","-","-"
"16","-","-","-","-","-","-","-","-","-","-"

"Data: t_SCF,Ave [s]"

"","NSIM"
"# Proc","1","2","4","8","12","16","24","32","48","64"
"4","27.1626690909","18.0788484848","16.6668969697","16.0251606061","15.9202787879","15.8513575758","15.8819060606","15.9158969697","-","-"
"8","19.7732636364","14.5415606061","13.5177424242","13.1311333333","13.0125848485","13.0679121212","-","-","-","-"
"12","15.0931181818","12.0452090909","11.3689454545","11.2018818182","-","-","-","-","-","-"
"16","-","-","-","-","-","-","-","-","-","-"

"Data: t_Elapsed [s]"

"","NSIM"
"# Proc","1","2","4","8","12","16","24","32","48","64"
"4","1571.528","665.841","616.685","593.432","589.487","586.924","587.987","589.196","-","-"
"8","1146.348","533.239","496.634","482.809","479.0","480.396","-","-","-","-"
"12","878.858","442.627","418.619","412.6","-","-","-","-","-","-"
"16","-","-","-","-","-","-","-","-","-","-"

